item,quantity,specification,status,notes
ESP32,1,ELEGOO EL-SM-012 USB-C,Repo marked ordered,Receipt unconfirmed; measure connectors; fit within 68x36x20
Servo,1,MG996R positional,Repo marked ordered,Do not buy continuous rotation; verify shaft offset and round horn
Battery,1,OVONIC 2S 1000mAh JST,Not marked ordered,Maximum pack 76x37x14; tray 78x39x18; supplier availability unconfirmed
Servo regulator,1,Pololu D24V50F5 5V 5A,Buy,New part replaces marginal shared servo/logic supply
Logic regulator,1,EBOOT MP1584EN set 5V,Repo marked ordered,Fit within 24x20x8 or revise mount
Balance charger,1,B3 Pro 2S/3S or equivalent balance charger,Not marked ordered,Previously purchased USB boost charger is not a confirmed substitute
Metal rings,4,Welded stainless OD12 ID8 section2mm,Buy pending supplier qualification,No split keyrings; bench proof load required
Fuse and inline holder,1,5A fuse holder max33x18x14,Buy,Secure above logic module; no CAD claim of exact supplier geometry
Servo round horn,1,Compatible supplied horn OD20 minimum,Check supplied,Thickness/shaft stack fit must be measured; do not assume clone spline
M3 bolts,4,M3x30 rail mounts,Reuse M3 assortment,Plus washers and nuts
M3 bolts,8,M3x16 TPU pad mounts,Reuse M3 assortment,Button heads max diameter6.0 height2.0
M3 bolts,4,M3x20 clevis pins,Reuse M3 assortment,Use nyloc nuts
M3 bolts,8,M3x12 servo and regulator mounting,Reuse M3 assortment,4 servo +2 servo regulator +2 logic regulator
M3 bolts,4,M3x8 cover,Reuse M3 assortment,Check insert depth
M3 nuts,20,M3 hex nuts,Reuse M3 assortment,Excludes 4 additional nyloc clevis nuts
M3 nyloc nuts,4,M3,Buy if absent,Clevis pins
M3 washers,52,M3,Reuse or buy,Two per through-bolt plus four lid washers
M3 heat-set inserts,4,For 4mm thick deck,Buy,Change pilot diameter for selected insert
M2 bolts and nuts,3,M2x12 pinion horn,Buy,Check horn thickness and thread engagement
M2 screws,2,M2x8 regulator PCB,Buy,Into printed pilot; avoid damaging PCB
Foam,1,Nonconductive sheet 2mm and 4mm,Buy or reuse,Battery 76x37x2 board60x30x4 logic as needed
Cable ties,10,2.5mm wide small ties,Buy or reuse,Trays modules and wiring
Wire and connectors,1 set,20AWG power JST matching battery servo connector,Buy or reuse,Strain relief; common ground; insulate terminals
PETG,1 spool,Structural print material,Buy if absent,Existing PLA ownership does not establish PETG ownership
TPU,1 spool,95A pads,Buy if absent,Two pads; later fingers deferred
Deck,1,Printed PETG,Print,cad/exports/clamp_v1/deck.stl
Rails,2,Printed PETG,Print,Left and right STL
Rack jaws,2,Printed PETG,Print,Left and right STL
Pinion,1,Printed PETG,Print,Do not print horn reference
Pads,2,Printed TPU95A,Print,Left and right STL
Trays,2,Printed PETG,Print,ESP32 and battery
Regulator mounts,2,Printed PETG,Print,Servo regulator and logic with integrated fuse shelf
Cover,1,Printed PETG,Print,Removable
Optional tilt sensor,1,Board envelope20x20x5,Deferred,Space reserved; no exact module selected or feedback implemented
