item,sku,order_quantity,unit_usd,line_usd,supplier_url,status_and_notes
Grove AS5600,101020692,4,6.50,26.00,https://www.seeedstudio.com/Grove-12-bit-Magnetic-Rotary-Position-Sensor-AS5600-p-4192.html,Not ordered;1 per spool
XIAO ESP32-C3,113991054,4,4.90,19.60,https://www.seeedstudio.com/Seeed-XIAO-ESP32C3-p-5431.html,Not ordered;included external antenna
MPU6050 tilt/gyro,Adafruit3886,1,12.95,12.95,https://www.adafruit.com/product/3886,Not recorded owned;clamp shelf
Diametric magnet,K&J D42DIA,4,0.46,1.84,https://www.kjmagnetics.com/d42dia-neodymium-diametric-disc-magnet,Not ordered;6.35x3.175;do not substitute axial
USB1A power supply,Adafruit501,4,5.95,23.80,https://www.adafruit.com/product/501,Not ordered;reuse suitable existing USB supplies if confirmed
USB A-to-C1m cable,Adafruit4474,4,4.95,19.80,https://www.adafruit.com/product/4474,Not ordered;bench length;check plug fit
Grove female conversion cable5-pack,110990028,1,3.50,3.50,https://www.seeedstudio.com/Grove-4-pin-Female-Jumper-to-Grove-4-pin-Conversion-Cable-5-PCs-per-PAck.html,Not ordered;use4;solder low-profile node leads
QT male adapter150mm,Adafruit4209,1,0.95,0.95,https://www.adafruit.com/product/4209,Not ordered;trim/solder clamp-side leads as necessary
TOTAL listed purchase,,,,108.44,,2026-10-01;before shipping/tax/foam/ties/fasteners
M3x12+washer+nut,existing M3kit,8,,,,Historical kit ordered flag;receipt/count unverified
Insulating foam and nonconductive cable ties,consumables,1,,,,Inventory and cost unverified;required
