item,quantity,order_status,receipt_status,unit_usd,supplier_url,notes
NEMA 17 stepper ×4 (+1 spare),See product pack,Reported ordered,Not verified,,https://www.amazon.com/s?k=SIMAX3D+Nema+17+42-38+5pcs,"SIMAX3D NEMA 17 **42-38** size, ~36 N·cm, 1.5 A, 5 mm shaft (**5-pack**) — select the **42-38** option; historical project checkbox; confirm variant and received count"
Cable/line,See product pack,Reported ordered,Not verified,,https://www.amazon.com/9KM-DWLIFE-Anti-Bite-Freshwater-Saltwater/dp/B0DLNQFQKK,"9KM DWLIFE X8 braided Dyneema, **120 lb**, 150 m (user-selected8-strand variant;actual diameter requires measurement); historical project checkbox; confirm variant and received count"
Arduino Uno **+ project stock**,See product pack,Reported ordered,Not verified,,https://www.amazon.com/ELEGOO-Project-Tutorial-Controller-Projects/dp/B01D8KOZF4,"**ELEGOO UNO R3 Super Starter Kit** — genuine-quality Uno clone + 200+ components (breadboard, jumpers, sensors, LCD, power module, resistors, LEDs). The Uno runs the winches; the rest is your parts bin for future projects; historical project checkbox; confirm variant and received count"
CNC shield + drivers,See product pack,Reported ordered,Not verified,,https://www.amazon.com/s?k=ACEIRMC+CNC+shield+V3+A4988,**ACEIRMC CNC Shield V3 + 4× A4988** (heatsinks incl.) — plugs onto the Uno above; historical project checkbox; confirm variant and received count
Home switches,See product pack,Reported ordered,Not verified,,https://www.amazon.com/HiLetgo-KW12-3-Roller-Switch-Normally/dp/B07X142VGC,"HiLetgo KW12-3 micro limit switch, 1NO 1NC roller lever (10-pack) — wire Common + NC for fail-safe homing; historical project checkbox; confirm variant and received count"
12 V power supply,See product pack,Reported ordered,Not verified,,https://www.amazon.com/s?k=ALITOVE+12V+6A+72W+power+supply,"ALITOVE 12V **6A** 72W barrel adapter (4.6★, extra headroom) — *or Chanzon 12V 5A if you want a UL-listed unit (~$20)*; historical project checkbox; confirm variant and received count"
Inline fuse + fuses,See product pack,Reported ordered,Not verified,,https://www.amazon.com/SIM-NAT-Automotive-Standard-Replacement/dp/B07FQCBSJ5,SIM&NAT inline holder + 50 blade fuses (4.7★) — install a **7.5 A** fuse (matches the 6 A supply); historical project checkbox; confirm variant and received count
Overhead webcam,See product pack,Reported ordered,Not verified,,https://www.amazon.com/innomaker-Computer-Raspberry-Support-Windows/dp/B0CNCSFQC1,innomaker 1080P **130° wide** USB UVC (OpenCV plug-and-play). Bare 32×32 board — print `cad/camera_mount_overhead` (no $14 case needed) + one-time lens-undistort calibration; historical project checkbox; confirm variant and received count
Gripper servo,See product pack,Reported ordered,Not verified,,https://www.amazon.com/s?k=Deegoo-FPV+MG996R+4+pack,"**STANDARD 180° MG996R, 4-pack** (best value, 3 spares — servo is the most wear-prone part). ⚠️ NOT ""360°""/continuous. On the **wireless effector**, powered from its onboard battery via a buck; historical project checkbox; confirm variant and received count"
Effector brain,See product pack,Reported ordered,Not verified,,https://www.amazon.com/s?k=ELEGOO+ESP32+3PCS+ESP-WROOM-32+USB-C,"**ELEGOO ESP32 dev board 3-pack** (EL-SM-012, ESP-WROOM-32, USB-C) — claw + 2 spares; 4.7★ at high volume beat the cheaper-per-board 6-pack; historical project checkbox; confirm variant and received count"
Servo 5–6V buck,See product pack,Reported ordered,Not verified,,https://www.amazon.com/MP1584EN-DC-DC-Converter-Adjustable-Module/dp/B01MQGMOKI,EBOOT MP1584EN buck (6-pack) — set output to 6.0 V for the servo; historical project checkbox; confirm variant and received count
M3 screw/nut kit,See product pack,Reported ordered,Not verified,,https://www.amazon.com/MroMax-Stainless-Button-Socket-Screws/dp/B0BZP89FQT,"MroMax 640-pc M3 button-head, 304 stainless (6–30 mm + nuts + washers) — also provides the NEMA 17 mount screws; historical project checkbox; confirm variant and received count"
ACEIRMC USB boost charger,1,Reported ordered,Not verified,,,Historical prose says purchased; verify 8.4 V variant. Not a 2S balance charger.
Grove AS5600,4,Not recorded ordered,Not applicable / inventory unknown,6.50,https://www.seeedstudio.com/Grove-12-bit-Magnetic-Rotary-Position-Sensor-AS5600-p-4192.html,101020692; Not ordered;1 per spool
XIAO ESP32-C3,4,Not recorded ordered,Not applicable / inventory unknown,4.90,https://www.seeedstudio.com/Seeed-XIAO-ESP32C3-p-5431.html,113991054; Not ordered;included external antenna
MPU6050 tilt/gyro,1,Not recorded ordered,Not applicable / inventory unknown,12.95,https://www.adafruit.com/product/3886,Adafruit3886; Not recorded owned;clamp shelf
Diametric magnet,4,Not recorded ordered,Not applicable / inventory unknown,0.46,https://www.kjmagnetics.com/d42dia-neodymium-diametric-disc-magnet,K&J D42DIA; Not ordered;6.35x3.175;do not substitute axial
USB1A power supply,4,Not recorded ordered,Not applicable / inventory unknown,5.95,https://www.adafruit.com/product/501,Adafruit501; Not ordered;reuse suitable existing USB supplies if confirmed
USB A-to-C1m cable,4,Not recorded ordered,Not applicable / inventory unknown,4.95,https://www.adafruit.com/product/4474,Adafruit4474; Not ordered;bench length;check plug fit
Grove female conversion cable5-pack,1,Not recorded ordered,Not applicable / inventory unknown,3.50,https://www.seeedstudio.com/Grove-4-pin-Female-Jumper-to-Grove-4-pin-Conversion-Cable-5-PCs-per-PAck.html,110990028; Not ordered;use4;solder low-profile node leads
QT male adapter150mm,1,Not recorded ordered,Not applicable / inventory unknown,0.95,https://www.adafruit.com/product/4209,Adafruit4209; Not ordered;trim/solder clamp-side leads as necessary
M3x12+washer+nut,8,Still needed / check inventory,Not applicable / inventory unknown,,,existing M3kit; Historical kit ordered flag;receipt/count unverified
Insulating foam and nonconductive cable ties,1,Still needed / check inventory,Not applicable / inventory unknown,,,consumables; Inventory and cost unverified;required
Clamp: Battery,1,Still needed / check inventory,Not applicable / inventory unknown,,,OVONIC 2S 1000mAh JST; Maximum pack 76x37x14; tray 78x39x18; supplier availability unconfirmed; Not marked ordered
Clamp: Servo regulator,1,Still needed / check inventory,Not applicable / inventory unknown,,,Pololu D24V50F5 5V 5A; New part replaces marginal shared servo/logic supply; Buy
Clamp: Balance charger,1,Still needed / check inventory,Not applicable / inventory unknown,,,B3 Pro 2S/3S or equivalent balance charger; Previously purchased USB boost charger is not a confirmed substitute; Not marked ordered
Clamp: Metal rings,4,Still needed / check inventory,Not applicable / inventory unknown,,,Welded stainless OD12 ID8 section2mm; No split keyrings; bench proof load required; Buy pending supplier qualification
Clamp: Fuse and inline holder,1,Still needed / check inventory,Not applicable / inventory unknown,,,5A fuse holder max33x18x14; Secure above logic module; no CAD claim of exact supplier geometry; Buy
Clamp: Servo round horn,1,Still needed / check inventory,Not applicable / inventory unknown,,,Compatible supplied horn OD20 minimum; Thickness/shaft stack fit must be measured; do not assume clone spline; Check supplied
Clamp: M3 bolts,4,Still needed / check inventory,Not applicable / inventory unknown,,,M3x30 rail mounts; Plus washers and nuts; Reuse M3 assortment
Clamp: M3 bolts,8,Still needed / check inventory,Not applicable / inventory unknown,,,M3x16 TPU pad mounts; Button heads max diameter6.0 height2.0; Reuse M3 assortment
Clamp: M3 bolts,4,Still needed / check inventory,Not applicable / inventory unknown,,,M3x20 clevis pins; Use nyloc nuts; Reuse M3 assortment
Clamp: M3 bolts,8,Still needed / check inventory,Not applicable / inventory unknown,,,M3x12 servo and regulator mounting; 4 servo +2 servo regulator +2 logic regulator; Reuse M3 assortment
Clamp: M3 bolts,4,Still needed / check inventory,Not applicable / inventory unknown,,,M3x8 cover; Check insert depth; Reuse M3 assortment
Clamp: M3 nuts,20,Still needed / check inventory,Not applicable / inventory unknown,,,M3 hex nuts; Excludes 4 additional nyloc clevis nuts; Reuse M3 assortment
Clamp: M3 nyloc nuts,4,Still needed / check inventory,Not applicable / inventory unknown,,,M3; Clevis pins; Buy if absent
Clamp: M3 washers,52,Still needed / check inventory,Not applicable / inventory unknown,,,M3; Two per through-bolt plus four lid washers; Reuse or buy
Clamp: M3 heat-set inserts,4,Still needed / check inventory,Not applicable / inventory unknown,,,For 4mm thick deck; Change pilot diameter for selected insert; Buy
Clamp: M2 bolts and nuts,3,Still needed / check inventory,Not applicable / inventory unknown,,,M2x12 pinion horn; Check horn thickness and thread engagement; Buy
Clamp: M2 screws,2,Still needed / check inventory,Not applicable / inventory unknown,,,M2x8 regulator PCB; Into printed pilot; avoid damaging PCB; Buy
Clamp: Foam,1,Still needed / check inventory,Not applicable / inventory unknown,,,Nonconductive sheet 2mm and 4mm; Battery 76x37x2 board60x30x4 logic as needed; Buy or reuse
Clamp: Cable ties,10,Still needed / check inventory,Not applicable / inventory unknown,,,2.5mm wide small ties; Trays modules and wiring; Buy or reuse
Clamp: Wire and connectors,1 set,Still needed / check inventory,Not applicable / inventory unknown,,,20AWG power JST matching battery servo connector; Strain relief; common ground; insulate terminals; Buy or reuse
Clamp: PETG,1 spool,Still needed / check inventory,Not applicable / inventory unknown,,,Structural print material; Existing PLA ownership does not establish PETG ownership; Buy if absent
Clamp: TPU,1 spool,Still needed / check inventory,Not applicable / inventory unknown,,,95A pads; Two pads; later fingers deferred; Buy if absent
Ronstan RopeGlide outlet RF8090-05,4,Not recorded ordered,Not applicable / inventory unknown,17.07,https://www.ronstan.com/us/ropeglide-ring15mm-x-5mm-x-7mmblack-1.html,5 mm ID / 15 mm OD / 7.5 mm axial; print revised cartridge; qualify braid wear
Seeed XIAO ESP32-S3 Sense 113991115,1,Optional evaluation / not ordered,Not applicable / inventory unknown,13.99,https://www.seeedstudio.com/XIAO-ESP32S3-Sense-p-5639.html,"Proposed replacement for claw ESP32; camera variant, optics, power and mounting to qualify; retain existing webcam for bench comparison"
Homing collar compression springs,8,Specification pending,Not applicable / inventory unknown,,,Two per mount. OD <=7.4 / ID >=6.4 / installed 7→5 mm / solid <5 mm. Free length and rate require measured switch force/friction. No exact SKU qualified.
Winch M2 x 5 screws,24,Not recorded ordered,Not applicable / inventory unknown,,,12 magnet-cap +12 encoder-board screws. Head OD <=4.4 mm for cup. Confirm printed pilot strength and PCB holes; separate from clamp M2 quantities.
Winch outlet backplate M3 screws,8,Still needed / check M3 kit,Not applicable / inventory unknown,,,Two per mount; select length from actual backplate/pilot stack and verify heads do not foul lever.
Winch shoulder guide bolts and washers,8 each,Specification pending,Not applicable / inventory unknown,,,4 mm shoulder x12 mm and M3 threaded end x6 mm nominal. Verify exact fastener SKU/head and hand sliding before print-all.
Motor wall/ceiling anchors and mounting hardware,1 room set,Site specification pending,Not applicable / inventory unknown,,,Choose for actual substrate/load and motor bracket. Not qualified by CAD.
Stepper extension cables,4,Not recorded ordered,Not applicable / inventory unknown,,,Measure run lengths and match actual motor connector/pin pairs; 20–22 AWG for long runs.
Limit switch cable,4 runs,Not recorded ordered,Not applicable / inventory unknown,,,"2 conductor, 24 AWG; NC +COM; length from actual room layout."
Effector power switch,1,Not recorded ordered,Not applicable / inventory unknown,,,Rated for battery/servo current; accessible externally; dimensions and connector pending.
Wire management/raceway,Room length,Not recorded ordered,Not applicable / inventory unknown,,,Room installation phase; measure runs. Do not buy corner pulleys for revised fixed-ring design.
"Existing PLA, computer, switched strip, starter jumpers",Inventory,Reuse reported,Not applicable / inventory unknown,,,Confirm inventory; PLA ownership does not establish PETG/TPU stock. Switched motor supply does not switch off battery-powered claw.
